id,price,bedrooms,bathrooms,sq_ft,year_built,location,lot_size,garage_spaces,condition,school_rating
1,690093,1,2,2874,2018,suburban,6649,1,good,8
2,1062440,5,3,1097,1960,suburban,4261,1,good,5
3,625532,5,2,2836,2005,rural,2819,2,good,1
4,705038,4,2,1092,2000,rural,2342,3,fair,8
5,795453,2,2,2187,1970,urban,6560,3,poor,9
6,936367,1,2,1072,1975,rural,3226,2,good,10
7,567344,2,3,2575,1968,suburban,2079,0,poor,2
8,1205180,1,1,2590,2009,rural,5206,3,excellent,9
9,630343,4,1,2204,2020,urban,7280,0,excellent,8
10,655337,4,2,2970,1996,rural,8235,3,good,7
11,824030,5,1,676,2020,rural,1813,0,excellent,3
12,414357,2,1,1028,1975,urban,6089,2,poor,2
13,1603750,5,2,2133,1989,urban,3031,1,fair,7
14,517773,2,2,1465,1954,suburban,9514,0,good,5
15,593035,5,1,2017,1970,rural,6911,1,excellent,6
16,550953,3,3,697,1953,suburban,3653,0,poor,4
17,338290,3,2,1352,1972,rural,4340,0,poor,2
18,722065,3,3,2037,1964,rural,8876,0,excellent,9
19,521092,3,1,2569,1957,suburban,2141,0,poor,3
20,1130201,1,2,1580,1990,rural,9558,0,poor,7
21,569579,3,3,597,1968,rural,3897,1,good,8
22,1153615,4,2,2403,1995,rural,5041,0,poor,2
23,740962,4,1,934,1977,urban,3038,1,excellent,6
24,1218356,1,3,1136,2017,suburban,5270,2,good,8
25,584089,3,1,1087,1964,urban,5683,3,excellent,7
26,1162747,3,1,843,1986,suburban,1494,0,fair,3
27,462060,3,2,1817,1950,suburban,8116,3,excellent,1
28,729696,5,3,2479,2016,rural,2784,1,excellent,6
29,554593,2,1,1070,1973,suburban,4510,2,good,8
30,602134,5,1,1110,1976,urban,4786,2,poor,6
31,904978,2,3,2227,1989,urban,6266,2,excellent,5
32,1119490,3,1,2790,2012,urban,6428,3,good,8
33,763614,3,1,2354,2010,suburban,7681,1,fair,2
34,986558,5,3,1459,1985,urban,7893,0,good,1
35,1029694,5,3,2579,1973,suburban,5658,0,good,1
36,736236,2,3,2938,1973,urban,8082,1,poor,4
37,1591572,4,3,2824,1953,urban,7869,3,excellent,6
38,790659,2,2,1031,2016,suburban,8607,0,fair,9
39,606243,5,3,1677,1983,urban,8669,1,good,1
40,1158811,5,2,2930,2006,rural,7219,0,excellent,1
41,956048,1,2,1591,1998,suburban,5534,2,excellent,5
42,1254267,5,2,2401,2002,suburban,6979,0,good,10
43,822432,1,1,1383,1972,suburban,9890,3,excellent,5
44,574825,4,2,2761,2018,rural,2312,1,good,5
45,626759,2,2,2178,2002,suburban,3962,3,good,10
46,705544,2,1,2923,2011,urban,3938,1,good,6
47,1269267,1,1,2760,1990,urban,4197,2,fair,8
48,927156,2,1,2626,2006,urban,6296,1,good,3
49,888631,5,3,2249,2009,suburban,8204,0,poor,9
50,1046326,3,1,1281,2003,urban,6730,0,excellent,1
51,806341,1,1,2605,2019,suburban,1126,2,fair,4
52,828283,2,2,1380,2006,urban,6602,1,excellent,9
53,781778,1,1,946,1959,rural,2191,2,fair,8
54,1026194,1,3,2613,1989,rural,3639,0,poor,10
55,898792,3,1,2283,1956,rural,2366,3,fair,9
56,626540,5,3,1777,1987,rural,7453,2,fair,1
57,1031089,1,1,2491,2010,suburban,7671,3,fair,9
58,771788,2,1,1567,1952,urban,7683,3,excellent,3
59,1113687,4,1,2077,2000,rural,5539,1,good,10
60,685339,1,1,1511,1996,suburban,9876,2,excellent,9
61,699331,1,3,2774,2017,rural,3887,3,good,1
62,538929,3,3,1273,1987,rural,5086,3,excellent,1
63,733085,5,2,2314,1985,suburban,3261,1,poor,9
64,1321057,4,3,2926,1990,suburban,5180,1,poor,6
65,1332014,2,1,1701,2018,urban,3841,0,fair,4
66,958935,4,2,1950,1962,urban,7040,3,poor,7
67,350748,2,2,806,2007,rural,4560,0,fair,5
68,1153889,5,2,1278,1999,rural,5758,3,good,10
69,1336837,2,1,2815,1979,urban,1626,0,poor,7
70,640434,3,3,507,2011,urban,6014,1,good,8
71,1067377,3,1,975,1974,suburban,2375,2,excellent,8
72,1099011,3,2,1820,1976,urban,2181,1,good,1
73,897129,3,1,2711,2000,urban,6708,0,excellent,8
74,1127991,4,1,984,2006,rural,1490,0,good,6
75,1504010,5,3,1404,1996,urban,4729,2,good,4
76,410330,2,3,1058,1988,rural,6974,3,poor,8
77,1201278,2,2,2467,1965,urban,4534,0,good,3
78,1399037,3,1,2785,1971,suburban,4296,0,poor,4
79,1003244,3,1,1627,2003,urban,2940,0,poor,6
80,1275766,1,3,1733,1970,urban,6014,2,fair,7
81,1372306,5,1,967,2021,urban,2882,1,fair,4
82,928073,4,1,2933,1965,rural,5908,0,excellent,4
83,611557,2,1,1347,2008,suburban,3987,2,good,7
84,1473442,1,3,2934,1980,urban,6585,0,excellent,6
85,607897,1,2,758,1991,rural,4159,3,good,8
86,604272,2,2,782,1981,suburban,5530,2,fair,1
87,634729,4,1,2149,2008,rural,1681,0,fair,10
88,689636,1,2,2398,1983,rural,6254,2,good,7
89,710461,1,3,539,1958,suburban,2073,0,good,7
90,808779,5,3,2767,1960,urban,3387,1,fair,7
91,532169,4,2,1514,1959,rural,3693,0,fair,7
92,848553,1,2,1112,1966,rural,5340,2,excellent,10
93,865998,4,1,2415,2017,urban,3156,3,fair,10
94,1139144,2,2,1187,1997,urban,8966,3,good,8
95,960324,3,1,1112,2001,suburban,3580,3,excellent,9
96,1042336,1,1,2807,1974,suburban,8257,0,good,9
97,1139583,5,3,2913,1970,suburban,3159,1,poor,2
98,1474965,2,3,2281,2014,urban,7772,0,excellent,7
99,821531,4,3,2310,2012,rural,2627,3,good,7
100,657860,2,3,2047,2000,rural,9219,2,fair,4
101,1114166,1,2,2430,1985,suburban,8080,3,poor,9
102,757300,4,3,1652,2015,urban,2985,2,good,8
103,279647,3,2,1074,1964,rural,9488,1,excellent,1
104,476630,2,3,2410,1988,suburban,3181,2,good,2
105,807481,1,2,1512,2019,rural,3296,0,poor,2
106,913986,5,1,1169,1950,rural,8164,0,excellent,8
107,932827,4,2,768,1972,urban,3597,0,poor,1
108,846301,2,2,1783,1988,urban,1901,2,good,4
109,642629,2,3,1423,2006,rural,7060,0,fair,10
110,1176520,3,2,1625,1983,suburban,2677,0,fair,5
111,1392046,3,1,2029,1990,urban,3881,0,good,9
112,915115,5,1,2258,2022,rural,6622,1,good,7
113,1113585,5,3,2094,1962,urban,9052,2,good,8
114,642220,1,1,746,2019,urban,2378,2,excellent,9
115,1101998,1,2,2060,1955,urban,2248,3,poor,7
116,1331446,5,1,2678,2001,rural,6650,2,poor,5
117,928285,5,3,2900,1952,suburban,7079,1,poor,5
118,632812,4,2,2743,2012,suburban,8036,2,good,10
119,830299,3,3,2439,1998,suburban,7487,1,poor,6
120,706334,1,2,1429,1996,urban,2058,1,good,5
121,421751,3,1,726,2004,rural,3048,2,excellent,9
122,888249,3,3,764,2013,urban,7115,3,fair,3
123,607493,5,3,1895,2014,suburban,5248,0,good,3
124,1193899,4,2,1957,2016,suburban,3476,0,good,7
125,987050,2,3,1145,1964,rural,5603,2,fair,7
126,735756,4,2,2758,1981,urban,4553,2,fair,6
127,984009,4,2,1918,2017,suburban,1220,1,excellent,3
128,680948,3,2,1973,1967,rural,5818,2,poor,7
129,1301062,4,2,1887,1992,urban,8192,1,good,5
130,519463,1,1,2399,1984,urban,5623,3,poor,7
131,1053850,3,2,1749,2007,suburban,8349,2,good,2
132,494353,1,3,1481,1982,suburban,6618,0,excellent,6
133,421279,2,1,1654,1963,urban,8209,0,fair,8
134,693004,3,3,1087,1983,urban,5576,2,excellent,1
135,475346,2,1,975,2010,suburban,2871,1,fair,4
136,790917,3,2,2321,1953,urban,8915,0,poor,1
137,1333680,5,1,1485,2008,suburban,2462,1,poor,1
138,1340491,4,1,2703,1978,urban,6521,2,excellent,10
139,1184382,5,3,1741,1955,suburban,9536,2,fair,8
140,556706,2,3,689,1998,rural,9236,0,excellent,7
141,1339606,4,2,1940,1989,suburban,8813,2,fair,10
142,415288,3,1,1480,2014,suburban,3068,3,fair,1
143,813513,4,1,2198,2018,rural,6753,3,poor,2
144,1459425,1,1,2215,1976,urban,8237,0,poor,4
145,555279,4,2,540,1955,rural,8016,3,fair,1
146,1368459,1,2,2854,1962,suburban,7191,1,fair,3
147,1186633,4,2,1442,2013,urban,2514,0,fair,8
148,942672,1,2,837,2011,rural,3598,0,poor,8
149,1021524,2,2,1837,1968,urban,2001,1,poor,8
150,1006021,5,3,1598,1992,urban,2033,3,good,6
151,734709,3,1,2826,1969,rural,7899,3,fair,6
152,475245,4,1,1395,2017,urban,9465,3,good,5
153,1414498,5,1,2820,1993,rural,6051,0,fair,9
154,650170,3,1,2174,1972,suburban,5476,0,poor,4
155,978280,3,1,1430,1951,urban,1478,3,good,10
156,1258932,1,1,788,1971,suburban,1515,2,good,7
157,486730,2,1,1223,2006,suburban,2191,3,excellent,1
158,1188510,2,1,2819,2021,urban,7297,1,fair,9
159,594638,5,3,2453,1956,rural,1271,0,poor,7
160,681556,2,1,1589,2005,urban,9334,1,excellent,10
161,619542,4,3,982,2016,suburban,8778,1,excellent,9
162,1030253,2,2,1435,1965,suburban,7008,0,fair,7
163,1386921,5,1,2795,2000,rural,8987,2,excellent,2
164,1082124,2,2,655,2021,urban,4332,3,fair,6
165,1104305,4,2,1570,1961,suburban,1787,1,excellent,10
166,601673,1,2,2458,2002,suburban,7222,0,fair,4
167,728118,5,3,2748,1954,suburban,1622,1,poor,3
168,583269,1,2,2183,1976,rural,4841,3,fair,2
169,369279,1,2,623,1961,suburban,4676,2,fair,6
170,1065357,1,2,2548,1966,suburban,3572,2,good,8
171,678381,3,1,1467,1955,urban,7915,2,poor,6
172,1300797,3,1,1354,1954,urban,6033,0,poor,9
173,390406,1,3,1139,2006,suburban,8788,0,poor,5
174,1357001,5,3,2738,1977,suburban,6214,2,excellent,2
175,696355,4,1,2102,2018,urban,5712,3,good,8
176,968447,4,3,941,2008,rural,1066,3,poor,9
177,631740,2,1,2444,1982,rural,8533,0,excellent,10
178,575487,5,2,2338,2011,rural,5616,2,excellent,4
179,1316271,3,2,2329,1999,rural,2140,3,excellent,6
180,858357,1,3,2690,1968,rural,6730,3,good,10
181,1066916,2,1,1032,2018,rural,8465,3,excellent,8
182,633278,4,1,2774,2015,rural,5471,0,good,9
183,1111870,3,3,1836,1996,rural,4339,2,fair,5
184,649303,3,1,1448,1988,urban,1548,1,excellent,6
185,1222190,1,2,2519,2017,rural,8675,2,poor,4
186,1067584,4,3,959,1982,rural,9264,2,excellent,5
187,466899,5,3,1050,1962,rural,1198,0,fair,7
188,706163,3,1,892,2003,suburban,1571,3,fair,9
189,1507898,1,3,2287,1956,urban,1790,3,excellent,10
190,1448709,5,1,1344,1963,urban,2174,0,fair,6
191,1012426,4,1,2757,1968,urban,1178,0,good,6
192,802315,3,1,1638,2003,rural,3244,0,good,8
193,347085,5,1,1145,1969,rural,5086,0,excellent,4
194,925065,5,1,2766,1978,suburban,1734,0,good,3
195,680932,5,3,2954,1973,urban,7232,1,good,7
196,855896,3,2,1966,2012,rural,1798,2,poor,5
197,591907,3,2,1877,2006,urban,8601,2,excellent,2
198,800889,2,3,641,1957,suburban,9979,2,fair,2
199,1333960,4,3,1000,2011,suburban,3795,3,excellent,6
200,1187444,1,2,1339,1978,suburban,5588,1,good,8
201,707322,5,2,2182,1966,urban,8297,2,poor,1
202,447439,2,2,2065,2015,rural,4084,3,excellent,6
203,532506,1,2,2546,1955,rural,1731,1,excellent,2
204,1025568,2,2,2030,2007,suburban,2129,1,good,2
205,630749,3,1,1095,2018,rural,2605,3,good,7
206,597482,5,3,2404,1977,suburban,3933,1,excellent,10
207,795507,1,1,780,2011,urban,9516,3,good,1
208,756241,1,2,923,1990,suburban,6074,2,good,6
209,1030140,1,2,769,2018,urban,8099,3,good,7
210,706817,1,2,653,1990,suburban,2490,1,good,8
211,1228208,1,1,2250,1998,rural,1893,2,good,7
212,999540,2,1,1161,1998,rural,2390,2,poor,6
213,1280800,5,2,2467,2020,suburban,4389,0,good,9
214,659789,3,1,582,1952,rural,5239,0,fair,3
215,501748,3,1,1949,1959,rural,5479,1,excellent,6
216,980875,3,2,1798,1984,rural,3263,3,poor,4
217,662457,3,1,2831,1951,urban,4432,3,poor,2
218,875204,2,3,1479,1973,rural,3371,1,good,1
219,1028028,4,3,2720,1987,urban,5312,2,excellent,1
220,1029540,5,3,2159,1971,suburban,2515,1,fair,10
221,791069,1,3,1898,1975,rural,7326,1,good,3
222,337159,4,2,1132,1992,rural,8088,2,excellent,4
223,1057990,3,2,2031,2004,rural,6586,3,good,2
224,1167997,4,2,1286,1988,suburban,3917,1,good,1
225,1293456,5,3,897,1978,urban,6731,3,good,4
226,668251,1,3,1643,1969,urban,8686,1,good,7
227,881133,1,1,1433,1990,rural,2167,2,good,10
228,654321,5,1,1960,2003,suburban,9302,2,good,6
229,846861,5,3,2352,1969,suburban,6109,0,good,6
230,1266637,3,3,785,1968,suburban,5327,2,fair,9
231,354735,1,3,764,2015,suburban,6810,0,poor,2
232,1175710,4,3,2867,1979,suburban,4655,1,fair,4
233,694861,2,1,2636,2002,urban,4793,3,good,5
234,987960,2,3,2177,1983,urban,7738,2,good,1
235,1465244,5,1,1726,1971,urban,2577,2,fair,8
236,807792,3,3,1320,2016,rural,3220,2,fair,8
237,462608,2,3,2262,1955,suburban,2030,1,poor,6
238,642175,1,3,2881,1976,rural,7691,0,fair,5
239,759201,5,1,2769,1959,suburban,4992,1,poor,8
240,715052,4,1,540,2022,urban,1913,3,good,3
241,500418,5,2,2231,1997,rural,7358,1,excellent,3
242,1249215,4,3,567,2019,urban,3181,3,excellent,2
243,950829,5,2,1487,2008,suburban,4197,2,excellent,5
244,956758,5,2,2299,2008,suburban,7040,3,excellent,3
245,1066516,5,1,2121,1951,suburban,2462,3,good,3
246,1385371,4,1,2155,1978,urban,8037,0,excellent,6
247,1326642,4,2,1778,2017,suburban,5994,3,fair,8
248,523996,5,3,1194,2014,urban,6308,3,fair,2
249,1094246,2,1,1585,1975,rural,7221,1,excellent,4
250,1413574,3,3,2979,1959,suburban,8090,2,fair,7
251,694739,3,3,2193,2002,suburban,8769,1,poor,1
252,1222811,3,2,2815,2008,suburban,1687,1,good,1
253,1265413,4,2,1558,1971,rural,5661,2,excellent,10
254,821557,4,2,1278,2000,suburban,2894,2,excellent,7
255,784233,2,2,993,1997,urban,8389,3,good,7
256,954406,3,1,2085,1970,urban,5922,3,fair,1
257,687209,3,1,1992,1971,suburban,7322,0,good,1
258,820406,5,2,2290,1979,suburban,4183,1,good,4
259,562426,4,1,1160,1974,rural,4797,2,fair,5
260,544589,3,2,1848,1977,rural,6178,3,good,5
261,899853,2,3,1827,2014,rural,4968,2,fair,4
262,1238987,2,3,1799,1994,suburban,3716,3,fair,8
263,1317891,3,3,2486,2017,rural,1190,0,good,7
264,571057,4,2,2544,1956,rural,2335,0,poor,9
265,817160,2,3,2428,1998,urban,9181,2,fair,7
266,1074369,5,1,1847,1958,rural,1378,0,good,10
267,955765,2,3,1558,1985,urban,4829,2,fair,1
268,1214032,1,3,1476,1950,urban,7380,3,poor,7
269,292567,1,3,981,1959,rural,1615,1,poor,1
270,619720,4,1,1227,1985,urban,3330,0,excellent,7
271,1130683,3,2,1531,2022,suburban,2754,3,fair,10
272,460846,4,1,842,1995,suburban,1463,1,fair,8
273,791750,4,2,1947,1981,rural,5267,1,good,9
274,1414241,4,2,2879,1981,suburban,4158,1,fair,3
275,1387220,4,3,2985,1955,urban,4624,3,excellent,4
276,1045196,5,2,2721,1997,suburban,5938,3,poor,4
277,703052,5,1,1026,1987,rural,6417,2,poor,9
278,516681,2,1,2396,1966,rural,7004,1,excellent,7
279,1056159,1,2,1158,1976,urban,9881,1,fair,3
280,1059286,4,3,2573,2003,rural,6603,1,fair,10
281,479575,2,3,1319,1999,suburban,3212,2,excellent,5
282,1136555,1,1,905,1984,rural,7120,1,good,7
283,593485,3,3,2779,1974,urban,6818,3,poor,8
284,807700,5,2,2073,1977,rural,1382,1,excellent,1
285,792690,1,2,2311,1964,suburban,3256,0,excellent,2
286,1054668,3,1,1004,1953,urban,2412,3,fair,7
287,342609,1,2,678,2022,suburban,7146,2,poor,2
288,347769,5,1,631,1976,urban,1371,1,fair,7
289,1332938,5,2,2346,1975,rural,6806,0,excellent,9
290,789306,2,1,1978,1968,urban,6565,2,good,2
291,737259,4,3,2895,1966,urban,9802,2,poor,7
292,617494,1,2,1271,1992,rural,9307,3,excellent,4
293,511991,1,2,1929,1990,suburban,8437,2,excellent,2
294,1027342,3,1,2623,1991,rural,1446,2,good,7
295,1299482,5,1,1078,1999,urban,2391,2,excellent,5
296,1117502,1,2,2015,1989,rural,2340,2,excellent,1
297,509739,5,1,693,1988,urban,3939,1,poor,5
298,1055971,1,2,2507,1972,rural,6969,1,poor,3
299,589335,2,3,1685,2001,rural,5813,1,poor,7
300,998025,4,1,2894,1996,suburban,4569,1,fair,6
301,582355,1,2,1884,2012,urban,6454,0,good,8
302,1044224,5,3,2292,2018,suburban,4150,1,poor,5
303,485154,2,3,1610,1992,urban,7414,2,fair,2
304,1222074,1,2,2761,1997,rural,5657,1,fair,9
305,1600465,3,1,2436,1983,urban,7947,1,good,8
306,671170,4,2,1279,1989,suburban,8943,3,good,6
307,655322,1,3,761,2010,suburban,4662,2,excellent,10
308,1082468,2,2,1229,1999,suburban,5482,1,fair,7
309,392826,3,1,782,2016,urban,5797,1,poor,9
310,970059,2,3,1990,2011,suburban,6068,1,good,7
311,1214307,2,2,861,2007,suburban,6480,0,fair,3
312,726775,3,1,940,1982,suburban,9033,1,poor,6
313,1005542,2,3,2640,1965,rural,1983,3,fair,7
314,1209750,3,1,2144,1997,rural,6607,2,good,2
315,1057042,1,3,1366,1959,urban,9543,2,excellent,3
316,1123552,3,2,1947,1987,urban,2907,1,fair,4
317,450799,3,1,641,1968,suburban,7924,1,poor,10
318,695387,4,3,1814,1985,rural,9737,1,good,6
319,1137139,3,1,1955,2008,suburban,5174,2,excellent,1
320,916569,3,1,2375,2012,suburban,8265,2,poor,9
321,522212,1,2,2347,1995,rural,2990,0,poor,5
322,545643,4,1,2212,1952,rural,6596,3,poor,7
323,849587,5,3,1200,2014,rural,4998,0,fair,9
324,822379,1,3,1497,1957,urban,4775,3,good,9
325,1298410,1,3,2596,2000,urban,5645,0,poor,1
326,1206123,5,3,1825,2022,suburban,3061,2,fair,1
327,784645,3,2,1380,1955,urban,5487,0,good,3
328,734337,2,1,1713,1988,rural,5435,3,good,6
329,1182264,4,2,1659,2009,rural,3644,1,fair,2
330,504235,2,1,1054,1977,urban,2045,3,fair,10
331,649328,5,1,903,2003,suburban,8951,1,poor,1
332,530866,1,1,1391,1986,suburban,7449,2,good,1
333,1141771,1,2,1101,1958,urban,3681,3,excellent,5
334,789298,4,1,2330,2005,suburban,4199,0,fair,4
335,700702,1,2,840,2008,suburban,7768,3,good,1
336,1183382,1,3,2468,1951,suburban,8440,1,good,4
337,874739,4,3,1203,2010,rural,9633,2,poor,3
338,879678,4,1,817,2007,rural,3550,0,excellent,2
339,1165664,5,2,1886,2009,urban,5225,3,poor,9
340,977483,1,3,2929,1989,rural,1596,1,excellent,1
341,930836,1,2,2780,1985,suburban,7054,0,excellent,7
342,757184,5,2,2300,1986,rural,2505,2,fair,4
343,1388778,3,1,1867,1967,urban,7468,0,good,5
344,871715,3,3,2072,2012,rural,8236,2,good,10
345,1073417,3,1,1316,1971,suburban,2551,0,good,5
346,713548,5,1,1052,1960,suburban,7852,3,excellent,1
347,438253,1,3,1355,2007,urban,2449,1,good,6
348,1274171,5,3,2312,2006,rural,6953,3,fair,9
349,732357,5,2,682,1953,rural,9456,3,excellent,2
350,562823,3,3,2074,1956,rural,9042,2,excellent,7
351,897543,2,2,896,2010,suburban,3659,2,excellent,6
352,1337296,1,2,2227,2003,urban,8509,2,excellent,5
353,1076617,3,2,2017,2017,rural,8893,3,fair,4
354,1215931,2,3,1406,1950,suburban,8445,0,good,4
355,1239675,2,1,1856,2004,suburban,3721,0,fair,6
356,618939,4,2,2674,1952,suburban,3925,3,good,4
357,989836,1,1,500,1987,rural,8104,3,fair,5
358,904135,2,1,518,1950,rural,7240,1,poor,6
359,1108089,3,3,1083,1987,rural,1512,2,poor,5
360,941909,4,1,955,1978,rural,1215,2,poor,7
361,490105,1,1,2536,1954,rural,8299,3,poor,9
362,386069,5,3,1632,1970,rural,4153,3,excellent,10
363,1315674,3,2,2992,2020,rural,8450,0,excellent,7
364,920551,2,1,2452,2016,rural,2706,3,fair,7
365,763252,2,3,2650,1996,rural,2567,0,fair,4
366,1049712,3,1,1487,1984,suburban,2128,3,poor,1
367,947367,2,1,1019,2017,rural,4510,1,good,8
368,544886,4,2,1358,2018,urban,8867,1,poor,4
369,242843,1,1,673,1950,suburban,3365,0,fair,1
370,1228360,4,3,1866,2017,rural,6583,2,poor,5
371,1615972,2,1,2978,1961,urban,5897,1,fair,8
372,831647,5,2,1226,2009,rural,6718,0,poor,4
373,1267616,1,2,2210,1976,urban,7001,3,good,8
374,601645,1,3,2375,2005,urban,5567,3,poor,8
375,616189,3,2,2181,1972,urban,3741,0,good,3
376,987756,3,1,1847,1974,urban,4020,2,good,9
377,1039064,5,2,1489,1970,suburban,7256,0,fair,3
378,1235963,1,3,919,2010,suburban,1228,0,good,1
379,1394155,5,2,1093,2012,urban,9362,1,excellent,2
380,695087,3,2,2274,2001,rural,1294,0,excellent,6
381,1470421,3,2,2959,1974,urban,5284,0,excellent,10
382,467445,1,3,1435,2004,suburban,9617,3,fair,2
383,547590,4,2,1607,1995,rural,7801,1,excellent,6
384,834175,2,2,1636,1981,suburban,1918,3,fair,1
385,609481,3,1,831,2004,suburban,1498,3,fair,1
386,817909,3,3,2588,1954,rural,3809,2,excellent,5
387,684817,4,2,2293,1985,urban,5961,2,good,10
388,1022310,4,3,1458,1998,urban,4779,1,poor,9
389,1054825,5,2,604,2007,urban,3118,1,fair,8
390,489129,5,2,701,1988,urban,7391,2,excellent,3
391,1224350,2,2,2997,2010,rural,1145,2,fair,3
392,1229845,2,1,2342,1958,rural,8942,2,good,1
393,765711,1,1,2366,1955,rural,5565,2,good,3
394,648351,5,1,2496,1984,suburban,1192,2,excellent,1
395,679790,3,3,1789,1988,rural,6187,3,fair,8
396,1068678,5,3,1409,1971,urban,7637,1,poor,1
397,1217014,3,1,709,1990,suburban,9243,3,poor,5
398,786278,4,3,1062,1954,urban,3410,3,fair,9
399,962278,5,2,2063,1991,urban,2820,0,fair,7
400,1013960,4,2,1270,2016,rural,3964,3,fair,4
401,1056820,2,2,1128,1979,rural,3521,2,excellent,9
402,1576093,2,1,2128,2006,urban,3568,2,good,9
403,700723,1,3,2201,2022,urban,6882,0,poor,2
404,1151153,5,1,886,1978,suburban,2867,0,excellent,10
405,515214,4,3,2435,1986,rural,8465,0,fair,10
406,1191887,3,2,2843,1962,suburban,8602,0,fair,6
407,1482302,2,1,2805,1981,suburban,4199,0,good,4
408,1095238,2,3,1604,1995,suburban,7103,3,fair,8
409,876792,3,3,767,1972,urban,1240,0,excellent,7
410,1350196,4,2,2966,1994,suburban,4440,3,excellent,7
411,669155,4,1,2782,1966,suburban,5631,1,good,10
412,961473,5,1,2356,2015,urban,9274,0,excellent,9
413,512789,5,1,2498,1955,rural,6077,0,poor,5
414,643356,1,2,1880,1967,rural,4768,3,excellent,6
415,1264512,2,1,1736,1971,suburban,8995,1,excellent,1
416,597088,5,2,1073,1982,urban,9802,3,excellent,6
417,921795,4,2,548,1979,rural,7429,3,poor,2
418,749487,3,2,1650,1981,suburban,4605,0,fair,6
419,1230306,4,3,722,1991,suburban,3173,2,excellent,9
420,928832,2,1,1931,1959,urban,7568,2,good,8
421,1333917,4,1,2028,1985,suburban,3601,3,poor,9
422,1308084,1,2,2319,1983,rural,3657,0,good,10
423,774927,2,2,2824,2022,urban,7080,1,excellent,8
424,806552,3,1,1961,1977,rural,8325,2,good,3
425,438294,1,2,1630,1960,rural,3159,1,excellent,8
426,865551,2,1,2181,1988,rural,4830,2,poor,6
427,1266107,3,3,2967,1996,suburban,9313,0,good,6
428,342238,1,2,874,1968,suburban,5368,3,good,6
429,542564,1,1,2620,1964,rural,2317,1,excellent,3
430,826912,2,2,2521,1977,rural,5493,1,excellent,10
431,721855,5,1,1553,1973,urban,2230,3,fair,1
432,1374715,1,1,2389,2021,urban,2133,1,excellent,4
433,570146,1,2,2323,1958,suburban,8607,2,excellent,10
434,1258481,3,3,1974,1996,suburban,2301,3,fair,6
435,900334,4,1,2742,1982,urban,2910,2,excellent,10
436,909829,2,1,1679,2011,rural,9082,2,excellent,2
437,1121278,2,1,1564,1968,suburban,9107,0,fair,7
438,1196105,5,3,2570,2016,rural,8970,2,poor,7
439,970389,5,3,859,1989,urban,2916,0,poor,4
440,886589,2,2,2541,1996,suburban,7996,1,excellent,4
441,911021,5,3,1641,2014,suburban,3757,1,excellent,1
442,501757,3,2,2135,1978,urban,7464,0,fair,2
443,1287964,2,2,1903,1999,suburban,1178,2,fair,9
444,635149,5,3,2443,1962,urban,7362,3,poor,10
445,309995,2,2,1178,1950,suburban,9683,3,good,8
446,941924,4,3,2987,1983,urban,1060,0,excellent,8
447,297737,1,2,506,1997,suburban,7681,1,good,9
448,1321009,2,3,2968,1997,rural,3895,1,good,7
449,469058,1,3,2091,1998,rural,1585,3,fair,9
450,478274,5,2,1332,2013,rural,6823,0,excellent,10
451,1040618,1,1,2310,2010,suburban,1534,3,excellent,2
452,1181810,2,2,1413,1978,suburban,4462,2,fair,6
453,620189,4,3,2511,1988,rural,5011,2,good,3
454,596592,5,1,1942,1975,rural,4398,0,fair,6
455,605787,2,2,1950,1966,urban,3155,0,poor,3
456,1308422,5,2,2002,2020,urban,6966,2,excellent,8
457,741002,3,2,625,1962,urban,8329,1,poor,4
458,1255629,1,1,2942,2018,rural,7957,0,fair,10
459,815463,3,3,1316,1975,rural,6325,2,excellent,6
460,813554,2,2,2329,1998,rural,9518,2,poor,9
461,1083043,4,2,1075,2016,urban,5703,1,poor,2
462,1081617,5,2,2872,1956,suburban,3706,1,good,2
463,543762,1,2,1915,2007,rural,1001,1,excellent,7
464,873185,5,2,1429,1998,suburban,9316,1,poor,2
465,675028,2,3,1963,2002,suburban,2104,3,poor,2
466,892549,5,3,1332,2014,suburban,2861,1,good,4
467,1110336,1,2,1554,2011,urban,6269,3,poor,9
468,1306666,2,1,2148,1966,suburban,7943,0,poor,8
469,1106076,5,3,2400,1992,rural,9320,2,poor,2
470,743595,4,1,1957,1974,urban,1437,3,good,8
471,812661,2,3,1899,1952,rural,5846,0,poor,4
472,500910,2,2,942,1978,rural,4129,0,poor,2
473,845020,4,3,2622,1981,urban,9081,3,excellent,10
474,1192659,3,2,1056,1975,rural,1901,0,excellent,7
475,1179548,1,3,1678,1965,rural,6398,0,good,6
476,1488066,3,2,2537,1974,urban,7678,3,fair,10
477,578712,5,2,862,2003,rural,6529,0,excellent,5
478,1180699,4,2,2995,1977,suburban,7604,1,good,1
479,656499,3,2,1757,2022,rural,4918,1,poor,2
480,755313,2,1,2341,2005,suburban,2067,2,poor,8
481,1094219,5,2,2809,2014,rural,1026,0,good,1
482,1109158,5,1,2350,1990,urban,7937,2,poor,3
483,1283292,3,1,2672,2000,urban,8264,1,poor,2
484,814982,3,2,1410,2020,rural,8118,1,fair,5
485,463735,4,1,744,1978,urban,1547,1,poor,4
486,673719,1,3,1041,1968,rural,9758,0,excellent,7
487,622796,3,2,2669,2015,urban,9895,0,poor,5
488,1257878,3,1,2672,1990,suburban,6338,1,good,8
489,1040350,2,2,2072,1994,rural,4140,2,fair,4
490,765521,5,2,2717,1964,suburban,8996,2,poor,6
491,344447,1,2,623,1952,suburban,2590,3,good,4
492,456948,2,1,2231,1960,rural,8776,1,excellent,2
493,416263,4,3,1285,2002,suburban,5943,2,poor,1
494,1149386,4,3,2543,1995,rural,9997,1,fair,1
495,1236651,3,1,2748,1979,suburban,8798,2,poor,8
496,1203260,3,2,2916,2006,rural,4791,3,good,4
497,596421,4,1,1296,1967,rural,2357,3,fair,5
498,399850,3,1,576,2000,urban,9092,1,poor,8
499,475697,1,1,558,1997,rural,4225,2,excellent,7
500,563824,3,2,2978,2015,rural,3460,0,fair,8
501,516574,5,1,2023,1957,suburban,9737,3,excellent,8
502,814557,3,2,2436,1971,rural,3728,1,good,6
503,749613,2,1,2656,1955,urban,7726,1,poor,10
504,784881,1,3,1801,2006,suburban,8481,2,excellent,2
505,773237,2,1,567,1985,suburban,7430,1,good,6
506,695798,2,1,2852,2006,urban,4114,3,poor,1
507,767416,5,3,2432,1998,suburban,1616,1,good,1
508,284296,1,2,864,1994,suburban,4644,1,excellent,3
509,1128717,1,2,1320,2015,suburban,7413,0,good,3
510,820639,1,1,1902,1994,suburban,2203,0,fair,5
511,1241427,1,3,2890,1969,urban,3565,3,poor,1
512,1307246,1,2,1446,2013,urban,4174,2,good,10
513,707417,5,1,2077,2016,suburban,4081,0,excellent,6
514,884504,3,3,1877,1952,suburban,3630,2,poor,7
515,1055752,2,2,1939,2003,urban,4161,3,fair,10
516,631092,1,2,1261,2013,urban,5321,0,poor,3
517,1201170,3,3,840,1989,urban,9861,2,fair,4
518,439695,3,3,882,2008,suburban,7269,0,poor,10
519,1248239,2,3,1503,2004,suburban,8099,3,good,10
520,561076,5,3,2056,2011,rural,8376,3,good,10
521,608089,4,1,799,1953,urban,5078,0,excellent,10
522,1227876,4,3,638,2009,suburban,6801,2,fair,10
523,1355814,3,2,858,1979,urban,5151,1,excellent,3
524,530602,2,2,1335,1951,suburban,9911,1,good,1
525,635846,4,1,2022,2011,urban,3600,0,fair,8
526,1142718,3,2,2127,1998,suburban,7175,2,excellent,10
527,801094,5,2,2482,1958,rural,1666,1,excellent,10
528,1095294,4,3,1803,1980,rural,1283,3,excellent,2
529,436861,3,2,1408,2010,urban,6840,2,excellent,1
530,1108985,3,1,1634,1997,suburban,4565,1,excellent,8
531,893541,1,3,2686,1974,suburban,5593,2,fair,7
532,1103679,5,3,1495,1985,urban,2465,0,excellent,7
533,1443732,1,1,2982,1957,suburban,9321,2,fair,4
534,661460,2,3,2820,2022,urban,5734,1,excellent,9
535,517448,1,3,2651,2007,suburban,7257,0,good,6
536,726951,1,1,1737,1994,urban,8366,2,good,2
537,679208,4,3,2284,2011,suburban,4672,3,excellent,1
538,760519,3,1,664,1988,urban,8382,1,poor,1
539,1261304,5,1,1498,2007,suburban,7587,0,good,9
540,473935,1,2,1807,2013,rural,1992,2,fair,4
541,449174,5,2,1156,1993,suburban,7858,3,excellent,5
542,963115,1,3,2711,1978,urban,3121,1,fair,3
543,1291949,2,3,2409,2008,rural,3223,3,poor,4
544,1347281,1,1,2546,2020,suburban,5522,2,excellent,8
545,1232428,4,3,2611,1958,rural,4188,2,good,4
546,573371,3,1,1640,1955,suburban,4237,0,fair,9
547,1095065,2,1,2389,1978,rural,5136,3,good,9
548,963750,1,3,766,2007,urban,1343,0,good,6
549,473611,5,1,2345,1966,suburban,5704,1,excellent,2
550,640656,2,2,2208,1965,suburban,5823,0,fair,10
551,748713,2,3,2793,1952,urban,5920,1,poor,7
552,1108036,1,2,2942,1970,rural,4201,2,good,9
553,945158,2,3,2010,2013,urban,6471,2,excellent,6
554,518298,5,1,975,1985,urban,1888,3,excellent,3
555,770316,2,3,1476,2011,rural,8127,1,poor,7
556,999765,5,2,1707,1991,urban,4720,2,excellent,5
557,950359,1,1,1543,1991,suburban,3883,3,good,1
558,1227624,3,3,2460,2010,suburban,5212,3,excellent,3
559,884347,2,3,1057,1962,suburban,7961,0,fair,5
560,1157300,3,3,1517,1960,urban,3415,3,fair,7
561,749390,5,2,2105,2003,suburban,4001,2,good,3
562,1120017,2,2,1382,1965,suburban,2738,0,fair,6
563,999110,4,3,2694,1957,suburban,2364,1,poor,5
564,1154919,3,1,1165,2008,suburban,3708,1,excellent,1
565,1061778,2,1,2271,2006,suburban,1924,2,good,10
566,442766,3,2,1363,1989,suburban,1151,2,poor,6
567,1417888,2,1,1081,2008,urban,9777,0,excellent,8
568,417731,1,2,1194,1951,suburban,9044,0,poor,1
569,580757,3,3,1751,1959,suburban,1912,2,good,2
570,769612,4,2,2110,1993,rural,3321,2,good,4
571,946206,4,2,1739,1960,urban,1495,1,poor,2
572,601002,5,3,2954,1951,urban,3148,1,excellent,9
573,907627,2,1,898,1999,urban,1556,1,fair,10
574,1350045,3,2,2446,1961,urban,2552,2,fair,8
575,1318530,5,2,1214,1972,suburban,3120,3,poor,8
576,949169,3,3,1203,1967,suburban,4085,2,good,4
577,506181,2,1,2214,2011,rural,4504,2,excellent,5
578,659675,4,2,2472,2011,rural,1156,1,excellent,4
579,492355,1,3,581,1987,urban,9926,2,good,9
580,552807,4,2,1103,2016,rural,8505,0,fair,2
581,780063,5,3,2470,1987,rural,8162,2,excellent,8
582,1405345,1,1,2210,2016,urban,6523,2,poor,2
583,1495518,5,1,2546,2010,urban,8543,2,fair,1
584,1000807,2,1,1402,1950,rural,9055,2,poor,10
585,414229,1,1,864,1994,suburban,5654,3,fair,3
586,645102,5,2,662,1977,rural,7250,2,good,9
587,876263,2,2,2363,1970,rural,8246,0,poor,3
588,785914,4,1,615,1962,suburban,1154,0,poor,9
589,866928,2,1,2884,1976,suburban,8950,2,good,7
590,459721,3,1,1380,1956,urban,1996,1,poor,10
591,931046,2,2,1339,1971,urban,5626,3,fair,1
592,780190,2,1,2694,2002,rural,3905,2,excellent,10
593,1356538,3,1,1846,1953,suburban,1153,2,excellent,5
594,1276004,5,1,2990,1972,urban,8853,2,good,9
595,1122565,5,3,1536,2019,rural,7481,1,fair,3
596,771606,2,1,1442,1982,suburban,6599,1,poor,9
597,1288211,3,3,2224,1977,rural,2716,1,poor,5
598,1269687,3,3,2834,1957,urban,1786,3,excellent,9
599,1204942,4,1,1637,1950,urban,5368,0,poor,10
600,771621,5,3,521,1986,suburban,9096,3,excellent,6
601,1162677,1,1,2249,2012,rural,5272,1,good,9
602,958954,5,2,1182,1971,suburban,4767,0,poor,7
603,1031604,5,2,2333,2019,urban,9834,0,fair,7
604,1648710,4,2,2867,1970,urban,6994,1,poor,8
605,513467,1,2,625,1984,rural,8216,1,excellent,7
606,457832,4,3,776,1954,rural,9857,3,good,9
607,768019,1,1,2499,2009,rural,4426,1,excellent,9
608,414964,2,1,1727,1995,suburban,4783,0,poor,6
609,1008752,1,1,2741,1999,rural,6427,2,excellent,7
610,714327,4,2,1195,1997,rural,8011,1,excellent,2
611,1119421,5,2,1809,1955,urban,9052,1,good,9
612,333109,1,1,556,2005,urban,4701,3,fair,1
613,413551,1,2,518,2008,rural,3349,3,poor,1
614,820426,3,1,2811,1978,rural,8011,1,good,3
615,1197044,5,1,612,2020,urban,8055,0,fair,6
616,885092,2,1,1041,1967,rural,2212,0,excellent,5
617,338706,4,1,1078,1951,suburban,7965,2,fair,2
618,752346,2,1,1588,1957,suburban,7704,1,excellent,9
619,1153881,5,1,524,2003,suburban,8433,3,excellent,10
620,566162,1,1,2072,1987,rural,3511,0,good,4
621,1384256,1,2,2548,1997,urban,1143,2,excellent,4
622,557343,5,1,2072,1976,rural,8367,1,good,5
623,947635,1,1,640,1969,rural,4228,0,fair,8
624,1120711,1,2,2267,1961,urban,5582,1,fair,10
625,768628,1,2,1147,1992,urban,7031,1,excellent,4
626,603000,4,2,2735,2010,urban,5243,0,good,5
627,1084542,4,1,700,1980,suburban,3713,0,excellent,4
628,1183074,3,3,756,2010,rural,5185,0,good,6
629,793624,2,3,1046,2016,urban,8328,1,good,3
630,749592,5,2,2741,1984,rural,5633,1,good,8
631,1335645,5,3,1301,1964,suburban,4192,2,fair,6
632,944484,5,2,1441,1965,suburban,1300,3,good,10
633,899246,3,1,913,1962,urban,1723,1,fair,5
634,568444,4,3,2514,1984,urban,6694,3,good,2
635,931099,3,1,1881,2008,rural,4010,0,fair,10
636,853671,5,3,1598,1970,urban,6555,1,poor,10
637,956174,2,1,1409,2003,rural,1067,2,fair,7
638,443443,1,3,687,1979,urban,3506,2,fair,2
639,552440,4,1,2515,1997,rural,2537,3,excellent,1
640,1215226,4,1,1813,1984,rural,1397,0,good,7
641,716717,3,3,2592,1987,rural,6680,3,poor,5
642,1105521,4,1,2630,1980,rural,5825,0,excellent,1
643,1077362,5,1,1646,1973,suburban,9747,2,good,4
644,1182790,5,1,857,1998,rural,7048,3,poor,4
645,962252,3,3,2051,1981,urban,4661,2,poor,10
646,1124831,5,3,1589,2004,suburban,3941,2,poor,7
647,1090801,2,1,2180,2007,suburban,8067,0,good,9
648,1051496,3,1,2922,1952,rural,6091,3,poor,2
649,1253811,2,3,661,2018,suburban,2601,3,poor,1
650,965539,1,3,2869,1959,rural,2480,2,excellent,2
651,1064227,2,1,949,1974,urban,7230,2,fair,7
652,1065573,1,1,1997,2017,rural,4276,0,good,10
653,760206,1,1,1536,2010,suburban,7447,1,fair,6
654,778762,2,2,2731,1978,urban,6499,1,excellent,4
655,484753,3,3,2658,1968,rural,7273,2,fair,1
656,1543068,5,2,2450,1992,urban,2299,1,poor,1
657,1105953,5,3,1813,2015,urban,6818,1,poor,5
658,1392589,1,3,2842,2010,suburban,7701,1,good,1
659,436880,1,3,1738,1992,urban,5994,1,good,7
660,427949,3,3,1473,1974,suburban,8489,2,good,1
661,1383744,4,3,1131,1969,urban,9269,1,excellent,1
662,1210945,2,3,2090,1997,rural,3831,1,good,2
663,594196,1,3,1550,1973,urban,3721,0,excellent,10
664,919426,5,2,2088,1960,rural,2532,2,poor,3
665,607284,3,1,2868,2004,rural,9429,3,fair,1
666,1131757,2,1,2193,1977,urban,6253,3,poor,9
667,1233923,3,2,936,2018,rural,2996,0,poor,10
668,585950,2,2,2056,2012,urban,6311,0,poor,8
669,696907,2,2,1576,2008,urban,1277,2,good,5
670,528392,1,2,1804,1954,rural,4089,3,good,2
671,979571,3,3,2578,2000,rural,1523,1,good,5
672,1429182,3,1,2884,1970,suburban,5275,0,fair,6
673,797244,5,3,682,1961,rural,6365,3,good,1
674,1054983,5,1,1969,1999,suburban,4122,2,excellent,4
675,1046995,1,1,1979,1953,rural,9167,1,poor,9
676,1444352,1,2,2089,1991,urban,6190,2,fair,2
677,525052,4,3,2087,1987,rural,5575,0,fair,5
678,1397248,5,2,1159,1974,urban,8727,3,fair,1
679,365878,2,3,659,1963,urban,2797,3,fair,4
680,593826,3,1,2959,1981,urban,3131,3,fair,4
681,1237910,1,2,1511,1960,suburban,8322,3,excellent,6
682,365840,3,2,552,2010,rural,7500,1,poor,10
683,820898,3,1,2955,1967,urban,1815,1,fair,9
684,1295503,4,1,1545,1976,urban,9634,2,poor,3
685,885360,5,1,1553,2004,suburban,7666,1,good,9
686,899395,1,2,2807,2003,rural,1142,0,fair,6
687,419276,3,3,1728,1970,rural,2410,0,fair,7
688,780290,1,2,1994,1993,suburban,1534,3,poor,10
689,550198,2,3,1989,1954,suburban,4364,0,fair,2
690,1059010,4,2,1535,1990,rural,2032,2,fair,10
691,1153314,2,2,2450,2008,suburban,4342,1,fair,6
692,1026546,1,1,1349,2003,rural,7085,1,excellent,6
693,863444,1,3,853,1971,rural,5500,1,excellent,2
694,1486418,5,2,1598,2014,urban,2172,0,fair,2
695,1009761,3,2,2239,2013,urban,5517,1,excellent,2
696,632541,3,1,1964,2020,rural,9007,3,good,10
697,1175320,2,1,1490,1953,rural,2641,3,fair,1
698,1040136,4,3,1764,2014,rural,1471,3,good,5
699,961085,3,2,2384,1964,rural,3940,0,poor,8
700,589931,5,3,2309,1971,rural,9738,1,good,2
701,594280,2,2,2841,1996,rural,5726,0,poor,5
702,601517,2,3,2756,1995,suburban,8670,1,fair,8
703,938342,5,1,1611,1963,rural,4723,2,poor,10
704,576457,4,2,1317,1999,suburban,1363,2,poor,5
705,537194,5,3,2299,1969,suburban,4309,0,good,2
706,859995,4,1,2460,1999,rural,1545,3,good,3
707,700704,5,1,2937,1982,rural,4240,0,good,6
708,1084987,5,3,2872,2008,suburban,7665,3,fair,5
709,1139661,1,2,1388,1992,suburban,2936,1,fair,4
710,445663,2,2,2355,1961,rural,1882,3,good,4
711,857853,5,1,1680,1989,rural,4840,3,fair,5
712,382397,5,2,1167,1969,suburban,7923,1,fair,2
713,1150000,3,2,1132,1987,suburban,5611,2,poor,9
714,848895,2,2,2142,1952,suburban,6204,1,poor,2
715,1333356,3,1,636,1977,urban,8288,0,good,10
716,972110,2,3,2446,2005,suburban,4203,0,fair,2
717,500623,3,2,2197,1962,urban,3244,0,poor,10
718,492107,5,1,927,2015,rural,1018,0,excellent,9
719,1271832,5,1,1975,1986,rural,1641,0,fair,3
720,1089118,1,3,1318,1998,suburban,4083,2,excellent,10
721,1125883,3,2,2688,2015,rural,6200,2,good,7
722,575784,4,2,1606,1985,rural,9521,3,fair,4
723,1131890,1,3,2724,2003,rural,1865,0,good,6
724,594352,3,3,697,1975,rural,1773,1,good,4
725,1514178,3,1,2495,2021,urban,5732,0,good,10
726,1345694,1,1,2948,1989,urban,4518,2,good,7
727,678381,5,3,970,1992,suburban,7795,0,good,1
728,704302,3,2,2765,1971,suburban,7984,2,fair,3
729,789949,5,1,2448,1969,suburban,3567,3,excellent,3
730,1052294,1,1,1428,1957,rural,2674,3,fair,1
731,1067364,5,2,2510,1978,rural,1739,3,fair,6
732,521136,2,1,1405,1989,urban,2545,2,fair,9
733,760580,4,2,2722,1979,urban,6127,0,poor,8
734,898894,3,2,522,2004,suburban,7947,0,poor,7
735,1291207,4,2,734,1965,urban,7620,1,fair,10
736,897606,5,3,1624,1995,urban,5555,2,excellent,8
737,1503918,3,3,1428,2011,urban,6645,1,fair,6
738,1004203,5,3,1022,1956,urban,9943,3,good,9
739,537482,2,2,2308,1994,urban,8124,0,poor,3
740,424006,1,2,930,2008,suburban,4732,2,poor,10
741,801875,3,3,1292,2005,suburban,3283,1,fair,10
742,617796,2,1,2129,1997,urban,9669,1,fair,9
743,1012757,2,2,2236,1976,suburban,7998,1,excellent,4
744,947638,3,1,1032,2002,rural,6413,0,excellent,7
745,1463072,5,1,2246,2022,urban,2269,0,good,9
746,560708,2,2,2175,1984,rural,8868,0,fair,2
747,589926,4,2,1816,2000,suburban,3603,2,fair,2
748,611759,2,1,1412,1986,suburban,6961,0,fair,9
749,615315,5,1,1624,2006,rural,9569,2,poor,3
750,1245697,5,3,2025,1957,suburban,8557,1,good,9
751,689788,4,3,1827,1969,urban,2680,1,excellent,5
752,791777,2,2,1523,2002,rural,9433,3,poor,6
753,1085316,5,3,2076,1961,urban,6682,0,poor,2
754,689621,3,3,1878,1998,rural,9084,1,poor,8
755,605774,1,3,2019,1966,suburban,6367,0,poor,9
756,1106803,1,3,2181,2013,rural,1069,2,good,2
757,469781,1,1,2497,1991,rural,4924,1,fair,6
758,1162579,2,2,726,1978,urban,7200,0,excellent,6
759,802063,4,3,1759,1968,suburban,3007,1,excellent,8
760,680556,5,1,1372,1960,urban,9992,1,poor,10
761,1263456,3,1,1391,1999,suburban,9119,0,poor,5
762,1152135,3,1,1978,2020,urban,3779,1,good,9
763,550132,2,3,1536,2007,rural,5920,1,poor,1
764,1291296,1,3,2757,1983,urban,1755,1,excellent,9
765,877725,2,2,896,1969,suburban,7495,1,excellent,10
766,773450,4,3,1623,1999,suburban,6935,2,fair,7
767,715906,4,3,2578,1959,rural,3330,1,fair,4
768,373004,5,1,1148,1981,suburban,6705,3,excellent,3
769,417128,5,2,828,2001,urban,9301,1,excellent,10
770,817764,4,3,1982,1964,rural,2016,0,good,6
771,494564,4,3,1451,1952,suburban,8347,3,good,1
772,747523,4,1,2505,1986,suburban,9216,2,excellent,3
773,1086729,2,1,2516,1989,urban,5938,3,poor,2
774,1423488,4,3,2378,2021,urban,3838,3,fair,9
775,748140,3,2,1696,1989,rural,1737,3,excellent,3
776,1407888,1,2,2272,2005,suburban,7200,0,poor,2
777,919227,4,1,661,1972,urban,9371,0,excellent,4
778,522081,1,1,2251,1960,rural,1231,0,fair,2
779,1166218,2,3,1275,2013,suburban,2917,2,fair,1
780,439527,1,1,2327,1957,suburban,9534,0,good,6
781,710296,2,3,2821,2005,rural,6918,0,good,10
782,632783,3,2,1551,2009,rural,3623,3,good,8
783,841172,2,2,2873,1959,urban,9646,0,good,10
784,416559,2,3,1439,1988,suburban,7401,1,fair,10
785,1027468,5,1,1039,1977,suburban,8072,0,poor,2
786,1294503,4,2,1321,1998,suburban,3276,2,poor,9
787,834445,4,1,1961,1985,rural,8393,2,poor,3
788,1307848,3,2,1588,1962,urban,9787,1,excellent,8
789,855758,3,3,855,1985,suburban,4874,2,good,8
790,793173,4,3,734,1975,rural,5530,2,good,3
791,1403945,5,3,2774,1953,suburban,8164,3,fair,3
792,628785,4,2,2048,2013,urban,5497,1,fair,6
793,1078699,5,1,2596,1987,suburban,8933,3,excellent,1
794,1169794,3,1,617,1971,urban,3135,3,excellent,4
795,1249074,1,1,2601,1951,urban,7727,0,poor,1
796,1300685,3,2,2173,1980,suburban,2565,1,fair,3
797,1088943,3,2,1567,1960,suburban,1308,0,good,9
798,576426,2,2,2600,1995,urban,9534,0,poor,5
799,1022831,2,2,1057,2011,rural,9627,3,good,5
800,1068618,2,2,2315,2018,urban,9368,2,poor,4
801,940315,2,1,2505,2013,suburban,1138,1,good,3
802,473266,5,2,897,1959,suburban,1193,2,excellent,5
803,489816,4,2,1174,1989,rural,4257,3,poor,4
804,679994,1,1,886,1973,urban,4235,3,good,8
805,1556947,3,2,2658,1993,urban,1942,3,good,4
806,1282783,5,1,2564,2009,urban,5620,3,fair,8
807,925108,1,1,1383,2011,suburban,6720,3,poor,6
808,1393981,5,3,1040,1966,urban,7353,3,good,5
809,362629,5,3,670,2014,rural,5957,2,fair,4
810,912762,3,3,2956,2006,suburban,4381,0,good,4
811,913697,4,3,1239,2004,suburban,6839,2,poor,4
812,1394754,2,2,1901,2002,urban,3880,1,excellent,9
813,782860,4,3,2777,2005,rural,5887,2,poor,4
814,872352,3,1,618,1958,suburban,1545,3,poor,9
815,1414735,3,2,2651,1971,suburban,2927,2,good,10
816,762504,3,3,2495,1962,urban,5152,0,good,6
817,1580718,1,1,2205,1997,urban,1004,1,poor,10
818,657004,4,2,2222,1967,rural,6533,2,fair,7
819,1053798,4,2,2722,1989,urban,6378,0,fair,10
820,861557,5,3,2197,1966,rural,7233,2,fair,3
821,1343349,5,2,1944,1964,suburban,3663,1,good,8
822,909392,5,1,2259,1964,rural,4326,2,good,3
823,1053383,3,2,2024,2012,rural,4659,3,poor,1
824,760316,4,1,1164,1988,rural,2131,2,excellent,10
825,1145377,3,2,532,1962,suburban,5763,0,good,5
826,1403728,1,3,2602,1981,urban,7737,2,poor,2
827,651252,5,1,2559,1958,suburban,6092,0,poor,10
828,1453309,3,2,2051,1989,urban,7022,1,excellent,6
829,807161,3,2,1219,1969,rural,4159,2,fair,10
830,874540,1,2,2920,2022,rural,7159,1,poor,9
831,478014,2,1,983,2012,rural,8318,1,poor,1
832,1082099,4,1,1472,1993,rural,9445,2,poor,4
833,526476,2,1,806,1987,rural,6307,0,fair,1
834,683216,5,3,956,2009,urban,9520,1,fair,1
835,1351620,3,3,2707,2020,urban,4044,1,excellent,8
836,673570,1,1,830,1997,rural,6636,2,good,2
837,528425,1,2,724,1967,suburban,3892,2,fair,1
838,1134378,4,3,1979,1965,suburban,6288,2,good,8
839,1210358,2,1,1582,2004,rural,6812,2,good,4
840,389928,4,2,1143,1988,urban,1654,2,fair,3
841,419130,3,3,1115,2017,suburban,6481,3,poor,4
842,1228969,4,2,694,2008,suburban,1759,2,excellent,5
843,587415,1,2,988,2011,suburban,7782,0,good,1
844,1236470,1,2,2704,1962,rural,2798,1,poor,1
845,930608,5,2,1749,1955,suburban,6159,0,fair,3
846,1286253,5,3,2959,2009,suburban,9446,0,good,6
847,744371,3,3,1602,1963,suburban,6262,3,good,1
848,1179118,2,3,1647,2003,suburban,4823,2,good,2
849,602710,4,1,1741,1953,urban,2876,1,poor,7
850,447002,3,3,1015,1988,rural,7154,0,poor,1
851,624076,5,2,2125,2021,rural,8787,2,poor,7
852,1454389,4,3,1627,1974,urban,5516,2,good,4
853,1447546,5,2,892,1981,urban,4734,3,good,10
854,352023,4,1,1130,2008,rural,6972,3,excellent,6
855,1102678,2,2,2347,2012,suburban,7639,3,excellent,8
856,822737,3,2,1479,1987,suburban,6356,1,poor,9
857,601403,4,2,933,2002,rural,7380,0,poor,6
858,401393,1,1,777,2016,suburban,2008,3,fair,9
859,469170,1,3,732,1977,urban,5314,3,poor,4
860,425190,4,3,2052,1952,suburban,3508,3,excellent,6
861,1079226,4,1,2094,1971,suburban,5758,0,excellent,8
862,987825,4,2,1613,1987,suburban,3682,0,excellent,9
863,810573,1,3,2909,2021,rural,8311,3,good,3
864,729200,1,1,525,2021,urban,1989,3,good,2
865,846459,4,3,1917,2011,suburban,9446,2,poor,6
866,1137475,5,1,2814,2006,rural,5711,3,fair,4
867,1037609,5,2,960,1955,suburban,7479,1,fair,1
868,774661,2,3,1591,1981,urban,7964,1,fair,8
869,830688,3,1,1506,1959,suburban,9075,3,good,9
870,688099,5,3,2494,1952,urban,5452,0,excellent,9
871,1175093,1,3,990,2008,suburban,9447,2,excellent,2
872,1133576,5,3,1572,1998,urban,2007,0,good,9
873,860268,2,3,715,2008,suburban,7496,3,fair,7
874,1320318,2,1,2223,1980,urban,8688,1,fair,5
875,908747,3,2,2092,2018,suburban,4908,2,poor,7
876,1335232,5,1,658,2011,suburban,3803,0,poor,9
877,1184684,1,1,1185,2001,rural,5379,0,fair,8
878,725028,1,1,2276,1990,rural,1098,3,good,6
879,917264,4,2,2552,1980,urban,9388,2,fair,4
880,1167327,1,3,2343,1971,suburban,1877,1,poor,1
881,1604686,3,3,2908,1953,urban,2868,3,fair,6
882,519344,3,3,2795,1962,rural,3665,2,good,3
883,1133664,1,2,2089,1994,urban,2388,0,excellent,6
884,679225,1,3,2196,1991,urban,3415,3,good,6
885,627302,4,2,2969,1998,rural,9761,0,good,4
886,551773,1,3,2446,1969,suburban,3637,0,poor,2
887,1119433,4,3,2562,2003,urban,8242,3,good,9
888,748429,4,1,1645,1985,rural,9613,3,good,2
889,1086652,1,2,2824,1950,suburban,3883,3,poor,3
890,965795,2,1,2081,1964,rural,2204,3,poor,10
891,1084627,2,1,2993,1966,urban,1544,3,excellent,1
892,1153875,4,1,2757,1973,suburban,2223,0,fair,7
893,645010,1,2,2849,2007,suburban,4172,1,good,1
894,957207,2,2,2432,2021,rural,9959,1,poor,9
895,1207273,1,3,2257,1972,rural,7450,3,excellent,1
896,852009,1,1,2550,1995,rural,7520,0,fair,5
897,751975,1,3,1489,2021,suburban,1654,1,poor,7
898,662481,5,1,2041,1957,suburban,7821,1,fair,3
899,652276,1,2,1616,2008,urban,3446,1,fair,9
900,959753,5,2,992,2008,suburban,6892,0,good,8
901,408855,4,2,1119,1962,urban,9412,3,good,3
902,498512,2,1,2878,1988,rural,4666,3,poor,5
903,1094785,2,2,2880,1977,rural,5277,3,fair,7
904,1349605,2,1,2597,2010,suburban,5402,2,poor,4
905,477416,2,3,2046,1965,rural,3569,2,poor,5
906,400978,2,1,1362,1951,rural,6515,2,fair,3
907,1085348,2,3,2191,1966,suburban,4985,0,poor,9
908,834572,2,1,2105,1979,urban,9167,1,fair,10
909,675543,4,3,2819,1962,suburban,8448,1,fair,9
910,1179528,1,2,1079,1962,urban,5310,0,fair,7
911,1394515,3,3,2390,1992,suburban,4019,0,fair,10
912,689275,5,2,1775,1970,suburban,4681,3,excellent,2
913,789118,3,2,2355,2004,rural,5196,3,fair,7
914,1469899,3,3,2993,1989,suburban,1572,2,good,7
915,534551,1,1,1855,1964,suburban,5753,2,good,5
916,1437178,1,1,1662,2022,urban,8082,0,good,9
917,1123912,1,1,856,2001,rural,5002,2,fair,3
918,611964,2,1,2124,2002,urban,6629,1,good,4
919,898735,4,1,2821,2001,urban,9417,0,excellent,1
920,430004,2,2,2506,1979,rural,5200,0,poor,6
921,1181086,4,1,2858,1982,rural,2997,1,fair,4
922,612807,4,2,1369,2006,rural,9963,3,good,1
923,1103568,3,2,1385,2001,suburban,8422,3,excellent,2
924,1118560,3,2,2501,1958,rural,5524,1,poor,3
925,1392674,4,3,2701,2003,rural,9625,1,excellent,9
926,1036520,4,3,1913,1950,rural,4407,2,good,8
927,733998,2,2,1783,1993,urban,7731,0,excellent,7
928,723223,2,3,1119,1958,urban,8795,2,poor,4
929,390293,3,1,1382,1981,suburban,3793,1,good,1
930,1324327,1,1,1296,1964,urban,8334,2,poor,8
931,1372971,4,2,2672,1961,suburban,3911,1,excellent,4
932,685012,2,1,1796,2006,urban,8952,2,fair,3
933,1091148,3,2,1118,1957,rural,3415,2,fair,9
934,575050,2,2,2334,2021,urban,1250,3,fair,10
935,466040,4,1,744,1976,suburban,5951,1,fair,4
936,1475268,4,3,2997,2011,urban,9098,2,poor,4
937,493428,5,1,1429,1961,rural,6289,0,fair,9
938,954760,1,1,1770,2014,suburban,9102,2,poor,2
939,767513,5,2,1019,1991,rural,8257,2,good,5
940,540665,3,2,2909,2011,rural,6565,0,fair,4
941,1162961,2,2,507,1960,suburban,7437,1,poor,9
942,764976,3,2,2519,1992,rural,2173,3,fair,5
943,1143923,4,3,994,1966,rural,9624,3,fair,9
944,1182164,5,3,2129,1981,urban,1835,3,fair,9
945,556352,5,3,1562,1989,rural,3262,0,poor,2
946,585488,5,2,686,1972,rural,5567,2,excellent,9
947,1138603,3,2,2377,2005,rural,4815,1,fair,3
948,1323751,4,2,2640,1955,rural,1246,2,fair,4
949,357162,2,3,585,1999,suburban,3429,3,good,1
950,312944,2,2,636,1986,urban,6287,2,excellent,1
951,1000750,3,1,2968,2013,rural,3607,0,poor,1
952,648411,5,1,2621,2003,rural,6930,0,good,9
953,1359073,1,2,2136,2021,suburban,5022,1,fair,8
954,982953,3,1,2718,1998,rural,5784,1,good,5
955,637107,3,1,2251,1960,suburban,7617,3,good,5
956,1309038,4,3,2717,1998,urban,4151,1,fair,9
957,984049,2,2,2287,1970,urban,6580,2,excellent,3
958,659166,3,2,1371,2015,rural,8054,0,excellent,3
959,1132262,3,3,2869,2012,rural,8706,0,good,7
960,1053709,5,1,1443,1977,rural,8619,0,fair,9
961,1067020,5,1,2126,1966,suburban,5573,1,poor,6
962,849853,1,2,848,1955,rural,4491,0,good,2
963,1240995,4,1,2176,1968,rural,1706,0,poor,1
964,1170926,1,3,1696,2005,urban,7997,0,good,2
965,358817,5,3,509,1977,rural,6233,3,good,1
966,1490180,2,2,1961,2015,urban,9945,3,fair,10
967,653370,5,3,1166,1987,rural,6755,1,fair,10
968,1345641,4,3,2022,1986,urban,7960,0,poor,9
969,1016280,5,2,2676,2017,rural,9779,1,poor,10
970,743210,4,3,1100,1998,urban,2334,0,excellent,8
971,923056,4,3,826,1992,suburban,6588,0,fair,7
972,458565,4,3,1479,1985,urban,2847,0,good,3
973,640022,4,1,2951,2007,urban,7851,1,good,8
974,1321195,4,2,1128,1962,urban,8211,1,excellent,2
975,1258041,2,2,2129,2001,rural,8865,0,fair,2
976,779750,1,2,773,2007,rural,4317,2,good,10
977,610226,3,1,1184,1981,rural,7811,1,excellent,3
978,645851,1,1,615,2009,suburban,1164,3,excellent,7
979,1037965,4,2,1360,2007,suburban,8060,1,good,1
980,951190,2,1,2503,2005,urban,4057,0,good,8
981,1027482,5,2,1192,1977,suburban,5428,2,poor,7
982,368938,2,1,1605,1950,urban,1402,0,fair,4
983,1507542,4,3,2871,1991,urban,9605,3,poor,5
984,960764,2,3,2661,1997,urban,9236,1,excellent,10
985,1234324,2,2,2292,1989,suburban,7349,1,good,1
986,949601,4,1,653,2012,rural,5157,0,poor,4
987,1084844,2,1,2400,2021,suburban,1867,0,excellent,1
988,1333706,3,3,1927,1953,urban,9210,3,fair,1
989,1021202,3,3,1789,1987,urban,1364,2,good,10
990,627317,2,1,814,1976,suburban,8467,3,poor,1
991,991040,5,1,1564,1958,urban,7571,2,fair,7
992,728400,4,1,604,1965,urban,1579,1,poor,7
993,839252,3,1,2424,2005,suburban,8674,2,excellent,4
994,1446468,5,1,2413,1980,suburban,9737,2,fair,2
995,686468,2,1,1716,1963,suburban,7468,1,poor,3
996,788730,5,2,1924,1974,urban,5150,1,fair,8
997,1123786,1,1,2901,1983,urban,4039,1,excellent,8
998,523590,3,3,2272,2016,rural,5137,3,fair,6
999,1146689,2,2,2460,1973,rural,1452,1,poor,10
1000,792869,4,1,2103,2022,suburban,7537,0,excellent,9
